{"stats":{"minecraft:dropped":{"minecraft:redstone_ore":2,"minecraft:stone":2,"minecraft:end_stone":10,"minecraft:oak_log":2},"minecraft:picked_up":{"minecraft:birch_log":5,"minecraft:stone":30,"minecraft:oak_log":2,"minecraft:spruce_log":4,"minecraft:cobblestone":13},"minecraft:used":{"minecraft:oak_log":3,"minecraft:cobblestone":20,"minecraft:redstone_ore":2,"minecraft:stone_pickaxe":6,"minecraft:birch_log":1,"minecraft:stone":1,"minecraft:end_stone":23},"minecraft:custom":{"minecraft:time_since_rest":24055,"minecraft:open_chest":4,"minecraft:crouch_one_cm":145,"minecraft:play_time":24055,"minecraft:damage_taken":10,"minecraft:walk_one_cm":12709,"minecraft:sneak_time":527,"minecraft:drop":6,"minecraft:jump":29,"minecraft:leave_game":1,"minecraft:time_since_death":24055,"minecraft:total_world_time":24055,"minecraft:fall_one_cm":1556,"minecraft:fly_one_cm":2406},"minecraft:mined":{"minecraft:stone":6}},"DataVersion":3465}