{"stats":{"minecraft:dropped":{"minecraft:end_stone":1},"minecraft:picked_up":{"minecraft:birch_log":2,"minecraft:oak_log":1,"minecraft:spruce_log":3,"minecraft:cobblestone":5},"minecraft:used":{"minecraft:oak_log":2,"minecraft:redstone_ore":1,"minecraft:stone_pickaxe":6,"minecraft:birch_log":1,"minecraft:end_stone":8},"minecraft:custom":{"minecraft:time_since_rest":12055,"minecraft:open_chest":4,"minecraft:crouch_one_cm":52,"minecraft:play_time":12055,"minecraft:damage_taken":10,"minecraft:walk_one_cm":5898,"minecraft:sneak_time":198,"minecraft:drop":1,"minecraft:jump":27,"minecraft:leave_game":1,"minecraft:time_since_death":12055,"minecraft:total_world_time":12055,"minecraft:fall_one_cm":1556,"minecraft:fly_one_cm":53},"minecraft:mined":{"minecraft:stone":6}},"DataVersion":3465}