{"stats":{"minecraft:custom":{"minecraft:open_chest":8,"minecraft:time_since_rest":41311,"minecraft:crouch_one_cm":1620,"minecraft:sprint_one_cm":506,"minecraft:play_time":41311,"minecraft:damage_taken":10,"minecraft:walk_one_cm":35660,"minecraft:sneak_time":1270,"minecraft:drop":13,"minecraft:jump":38,"minecraft:leave_game":2,"minecraft:time_since_death":41311,"minecraft:total_world_time":41311,"minecraft:fall_one_cm":1556,"minecraft:fly_one_cm":4089},"minecraft:picked_up":{"minecraft:birch_log":12,"minecraft:stone":42,"minecraft:oak_log":5,"minecraft:spruce_log":9,"minecraft:cobblestone":120,"minecraft:diamond_pickaxe":1},"minecraft:used":{"minecraft:oak_log":6,"minecraft:water_bucket":3,"minecraft:lava_bucket":2,"minecraft:cobblestone":69,"minecraft:redstone_ore":5,"minecraft:armor_stand":1,"minecraft:stone_pickaxe":6,"minecraft:birch_log":1,"minecraft:chest":4,"minecraft:stone":3,"minecraft:end_stone":31},"minecraft:dropped":{"minecraft:redstone_ore":2,"minecraft:end_stone":12,"minecraft:stone":2,"minecraft:oak_log":2,"minecraft:coarse_dirt":1,"minecraft:diamond_pickaxe":2,"minecraft:cobblestone":46},"minecraft:mined":{"minecraft:stone":6}},"DataVersion":3465}